Workbook

Sheet Down regulating DEGs
A1: Gene_id | B1: readcount_ND2 | C1: readcount_LUC | D1: log2FoldChange | E1: pval | F1: padj | G1: Associated Gene Name | H1: gene_biotype | I1: Description
A2: ENSG00000000003 | B2: 464.82906 | C2: 626.74201 | D2: -0.43117 | E2: 4.5378e-06 | F2: 8.0254e-05 | G2: TSPAN6 | H2: protein_coding | I2: tetraspanin 6 [Source:HGNC Symbol;Acc:HGNC:11858]
A3: ENSG00000001084 | B3: 2282.4884 | C3: 2933.1273 | D3: -0.36183 | E3: 2.9091e-12 | F3: 1.2528e-10 | G3: GCLC | H3: protein_coding | I3: glutamate-cysteine ligase, catalytic subunit [Source:HGNC Symbol;Acc:HGNC:4311]
A4: ENSG00000001461 | B4: 344.3264 | C4: 451.54982 | D4: -0.39111 | E4: 0.00027243 | F4: 0.0032539 | G4: NIPAL3 | H4: protein_coding | I4: NIPA-like domain containing 3 [Source:HGNC Symbol;Acc:HGNC:25233]
A5: ENSG00000003436 | B5: 711.9742 | C5: 898.7152 | D5: -0.33604 | E5: 0.00023429 | F5: 0.0028393 | G5: TFPI | H5: protein_coding | I5: tissue factor pathway inhibitor [Source:HGNC Symbol;Acc:HGNC:11760]
A6: ENSG00000003756 | B6: 803.86518 | C6: 972.32103 | D6: -0.27448 | E6: 0.00032075 | F6: 0.0037469 | G6: RBM5 | H6: protein_coding | I6: RNA binding motif protein 5 [Source:HGNC Symbol;Acc:HGNC:9902]
A7: ENSG00000004487 | B7: 1548.6567 | C7: 1744.1543 | D7: -0.17151 | E7: 0.0044984 | F7: 0.037268 | G7: KDM1A | H7: protein_coding | I7: lysine (K)-specific demethylase 1A [Source:HGNC Symbol;Acc:HGNC:29079]
A8: ENSG00000004534 | B8: 997.9561 | C8: 1223.9487 | D8: -0.29449 | E8: 2.4216e-05 | F8: 0.00037103 | G8: RBM6 | H8: protein_coding | I8: RNA binding motif protein 6 [Source:HGNC Symbol;Acc:HGNC:9903]
A9: ENSG00000004864 | B9: 410.71571 | C9: 519.91599 | D9: -0.34014 | E9: 0.00073039 | F9: 0.0077541 | G9: SLC25A13 | H9: protein_coding | I9: solute carrier family 25 (aspartate/glutamate carrier), member 13 [Source:HGNC Symbol;Acc:HGNC:10983]
A10: ENSG00000005156 | B10: 514.63289 | C10: 624.48167 | D10: -0.27912 | E10: 0.0022132 | F10: 0.020406 | G10: LIG3 | H10: protein_coding | I10: ligase III, DNA, ATP-dependent [Source:HGNC Symbol;Acc:HGNC:6600]
A11: ENSG00000005189 | B11: 126.96513 | C11: 176.88684 | D11: -0.47839 | E11: 0.0045713 | F11: 0.037777 | G11: AC004381.6 | H11: protein_coding | I11: Putative RNA exonuclease NEF-sp [Source:UniProtKB/Swiss-Prot;Acc:Q96IC2]
A12: ENSG00000005194 | B12: 612.73477 | C12: 730.56803 | D12: -0.25376 | E12: 0.0029458 | F12: 0.026041 | G12: CIAPIN1 | H12: protein_coding | I12: cytokine induced apoptosis inhibitor 1 [Source:HGNC Symbol;Acc:HGNC:28050]
A13: ENSG00000005483 | B13: 748.36452 | C13: 1146.613 | D13: -0.61557 | E13: 8.891e-15 | F13: 5.0086e-13 | G13: KMT2E | H13: protein_coding | I13: lysine (K)-specific methyltransferase 2E [Source:HGNC Symbol;Acc:HGNC:18541]
... A311: ENSG00000100097 | B311: 4779.157 | C311: 6606.5526 | D311: -0.46714 | E311: 1.0503e-27 | F311: 1.4764e-25 | G311: LGALS1 | H311: protein_coding | I311: lectin, galactoside-binding, soluble, 1 [Source:HGNC Symbol;Acc:HGNC:6561]
A312: ENSG00000100167 | B312: 104.90342 | C312: 272.21286 | D312: -1.3757 | E312: 2.3813e-18 | F312: 1.7565e-16 | G312: 44807 | H312: protein_coding | I312: septin 3 [Source:HGNC Symbol;Acc:HGNC:10750]
A313: ENSG00000100196 | B313: 117.245 | C313: 176.10703 | D313: -0.58693 | E313: 0.00078356 | F313: 0.0082469 | G313: KDELR3 | H313: protein_coding | I313: KDEL endoplasmic reticulum protein retention receptor 3 [Source:HGNC Symbol;Acc:HGNC:6306]
A314: ENSG00000100219 | B314: 609.00495 | C314: 747.41839 | D314: -0.29546 | E314: 0.00058832 | F314: 0.0064149 | G314: XBP1 | H314: protein_coding | I314: X-box binding protein 1 [Source:HGNC Symbol;Acc:HGNC:12801]
A315: ENSG00000100311 | B315: 202.33991 | C315: 279.4878 | D315: -0.466 | E315: 0.002821 | F315: 0.02514 | G315: PDGFB | H315: protein_coding | I315: platelet-derived growth factor beta polypeptide [Source:HGNC Symbol;Acc:HGNC:8800]
A316: ENSG00000100320 | B316: 1022.5991 | C316: 1579.7869 | D316: -0.62749 | E316: 1.2384e-21 | F316: 1.1943e-19 | G316: RBFOX2 | H316: protein_coding | I316: RNA binding protein, fox-1 homolog (C. elegans) 2 [Source:HGNC Symbol;Acc:HGNC:9906]
A317: ENSG00000100354 | B317: 526.02288 | C317: 769.40379 | D317: -0.54862 | E317: 3.4266e-10 | F317: 1.1604e-08 | G317: TNRC6B | H317: protein_coding | I317: trinucleotide repeat containing 6B [Source:HGNC Symbol;Acc:HGNC:29190]
A318: ENSG00000100387 | B318: 410.70477 | C318: 580.44153 | D318: -0.49905 | E318: 3.7394e-07 | F318: 8.0516e-06 | G318: RBX1 | H318: protein_coding | I318: ring-box 1, E3 ubiquitin protein ligase [Source:HGNC Symbol;Acc:HGNC:9928]
A319: ENSG00000100425 | B319: 332.10149 | C319: 431.32476 | D319: -0.37715 | E319: 0.00060508 | F319: 0.0065581 | G319: BRD1 | H319: protein_coding | I319: bromodomain containing 1 [Source:HGNC Symbol;Acc:HGNC:1102]
A320: ENSG00000100439 | B320: 311.59843 | C320: 429.82476 | D320: -0.46406 | E320: 3.2076e-05 | F320: 0.00047791 | G320: ABHD4 | H320: protein_coding | I320: abhydrolase domain containing 4 [Source:HGNC Symbol;Acc:HGNC:20154]
A321: ENSG00000100504 | B321: 777.40278 | C321: 931.67019 | D321: -0.26116 | E321: 0.00077758 | F321: 0.0081937 | G321: PYGL | H321: protein_coding | I321: phosphorylase, glycogen, liver [Source:HGNC Symbol;Acc:HGNC:9725]
A322: ENSG00000100526 | B322: 388.59019 | C322: 477.98047 | D322: -0.2987 | E322: 0.004368 | F322: 0.036381 | G322: CDKN3 | H322: protein_coding | I322: cyclin-dependent kinase inhibitor 3 [Source:HGNC Symbol;Acc:HGNC:1791]
A323: ENSG00000100528 | B323: 609.32579 | C323: 906.6848 | D323: -0.57339 | E323: 1.8116e-12 | F323: 8.0097e-11 | G323: CNIH1 | H323: protein_coding | I323: cornichon family AMPA receptor auxiliary protein 1 [Source:HGNC Symbol;Acc:HGNC:19431]
A324: ENSG00000100554 | B324: 366.56312 | C324: 450.81502 | D324: -0.29847 | E324: 0.0051009 | F324: 0.041419 | G324: ATP6V1D | H324: protein_coding | I324: ATPase, H+ transporting, lysosomal 34kDa, V1 subunit D [Source:HGNC Symbol;Acc:HGNC:13527]
... A712: ENSG00000122482 | B712: 502.15095 | C712: 604.67145 | D712: -0.26803 | E712: 0.0035815 | F712: 0.030607 | G712: ZNF644 | H712: protein_coding | I712: zinc finger protein 644 [Source:HGNC Symbol;Acc:HGNC:29222]
A713: ENSG00000122545 | B713: 1111.2197 | C713: 2130.1542 | D713: -0.93881 | E713: 9.2349e-53 | F713: 4.9143e-50 | G713: 44811 | H713: protein_coding | I713: septin 7 [Source:HGNC Symbol;Acc:HGNC:1717]
A714: ENSG00000122565 | B714: 1980.0267 | C714: 3359.0823 | D714: -0.76255 | E714: 6.8832e-49 | F714: 3.205e-46 | G714: CBX3 | H714: protein_coding | I714: chromobox 3 [Source:HGNC Symbol;Acc:HGNC:1553]
A715: ENSG00000122591 | B715: 450.25069 | C715: 689.91232 | D715: -0.61568 | E715: 1.5858e-11 | F715: 6.3262e-10 | G715: FAM126A | H715: protein_coding | I715: family with sequence similarity 126 member A [Source:HGNC Symbol;Acc:HGNC:24587]
A716: ENSG00000122592 | B716: 24.251111 | C716: 58.475661 | D716: -1.2698 | E716: 0.00013894 | F716: 0.001777 | G716: HOXA7 | H716: protein_coding | I716: homeobox A7 [Source:HGNC Symbol;Acc:HGNC:5108]
A717: ENSG00000122705 | B717: 1119.4158 | C717: 1291.3989 | D717: -0.20619 | E717: 0.0019828 | F717: 0.018564 | G717: CLTA | H717: protein_coding | I717: clathrin, light chain A [Source:HGNC Symbol;Acc:HGNC:2090]
A718: ENSG00000122786 | B718: 2123.7542 | C718: 2796.2904 | D718: -0.3969 | E718: 5.5239e-14 | F718: 2.8678e-12 | G718: CALD1 | H718: protein_coding | I718: caldesmon 1 [Source:HGNC Symbol;Acc:HGNC:1441]
A719: ENSG00000122861 | B719: 1202.4508 | C719: 1700.2029 | D719: -0.49973 | E719: 3.8719e-11 | F719: 1.4717e-09 | G719: PLAU | H719: protein_coding | I719: plasminogen activator, urokinase [Source:HGNC Symbol;Acc:HGNC:9052]
A720: ENSG00000122862 | B720: 800.88825 | C720: 1008.4561 | D720: -0.33248 | E720: 1.0386e-05 | F720: 0.00017066 | G720: SRGN | H720: protein_coding | I720: serglycin [Source:HGNC Symbol;Acc:HGNC:9361]
A721: ENSG00000122873 | B721: 283.05055 | C721: 384.16418 | D721: -0.44066 | E721: 0.00016422 | F721: 0.0020554 | G721: CISD1 | H721: protein_coding | I721: CDGSH iron sulfur domain 1 [Source:HGNC Symbol;Acc:HGNC:30880]
A722: ENSG00000122884 | B722: 749.58957 | C722: 1052.4159 | D722: -0.48953 | E722: 6.7056e-07 | F722: 1.381e-05 | G722: P4HA1 | H722: protein_coding | I722: prolyl 4-hydroxylase, alpha polypeptide I [Source:HGNC Symbol;Acc:HGNC:8546]
A723: ENSG00000122966 | B723: 1178.2051 | C723: 1572.383 | D723: -0.41636 | E723: 1.1808e-10 | F723: 4.2447e-09 | G723: CIT | H723: protein_coding | I723: citron rho-interacting serine/threonine kinase [Source:HGNC Symbol;Acc:HGNC:1985]
A724: ENSG00000123094 | B724: 136.53943 | C724: 273.20313 | D724: -1.0007 | E724: 1.9528e-11 | F724: 7.7179e-10 | G724: RASSF8 | H724: protein_coding | I724: Ras association (RalGDS/AF-6) domain family (N-terminal) member 8 [Source:HGNC Symbol;Acc:HGNC:13232]
A725: ENSG00000123106 | B725: 168.3158 | C725: 254.57782 | D725: -0.59694 | E725: 3.9085e-05 | F725: 0.00057207 | G725: CCDC91 | H725: protein_coding | I725: coiled-coil domain containing 91 [Source:HGNC Symbol;Acc:HGNC:24855]
... A998: ENSG00000138756 | B998: 112.14247 | C998: 184.28708 | D998: -0.71662 | E998: 3.5128e-05 | F998: 0.00051849 | G998: BMP2K | H998: protein_coding | I998: BMP2 inducible kinase [Source:HGNC Symbol;Acc:HGNC:18041]
A999: ENSG00000138758 | B999: 1025.9079 | C999: 1387.0302 | D999: -0.4351 | E999: 9.4106e-11 | F999: 3.4116e-09 | G999: 44815 | H999: protein_coding | I999: septin 11 [Source:HGNC Symbol;Acc:HGNC:25589]
A1000: ENSG00000138760 | B1000: 773.58365 | C1000: 1492.4511 | D1000: -0.94805 | E1000: 5.2013e-42 | F1000: 1.7416e-39 | G1000: SCARB2 | H1000: protein_coding | I1000: scavenger receptor class B member 2 [Source:HGNC Symbol;Acc:HGNC:1665]
A1001: ENSG00000138778 | B1001: 459.33461 | C1001: 1021.0315 | D1001: -1.1524 | E1001: 3.7012e-43 | F1001: 1.4324e-40 | G1001: CENPE | H1001: protein_coding | I1001: centromere protein E [Source:HGNC Symbol;Acc:HGNC:1856]
A1002: ENSG00000138802 | B1002: 229.3583 | C1002: 445.08996 | D1002: -0.95649 | E1002: 4.8301e-16 | F1002: 3.0366e-14 | G1002: SEC24B | H1002: protein_coding | I1002: SEC24 homolog B, COPII coat complex component [Source:HGNC Symbol;Acc:HGNC:10704]
A1003: ENSG00000138814 | B1003: 814.43846 | C1003: 1393.3052 | D1003: -0.77463 | E1003: 2.7216e-28 | F1003: 4.0349e-26 | G1003: PPP3CA | H1003: protein_coding | I1003: protein phosphatase 3, catalytic subunit, alpha isozyme [Source:HGNC Symbol;Acc:HGNC:9314]
A1004: ENSG00000139163 | B1004: 332.94189 | C1004: 445.27001 | D1004: -0.41941 | E1004: 0.00011854 | F1004: 0.0015439 | G1004: ETNK1 | H1004: protein_coding | I1004: ethanolamine kinase 1 [Source:HGNC Symbol;Acc:HGNC:24649]
A1005: ENSG00000139211 | B1005: 604.86497 | C1005: 927.44513 | D1005: -0.61665 | E1005: 2.5492e-14 | F1005: 1.3688e-12 | G1005: AMIGO2 | H1005: protein_coding | I1005: adhesion molecule with Ig-like domain 2 [Source:HGNC Symbol;Acc:HGNC:24073]
A1006: ENSG00000139218 | B1006: 829.38326 | C1006: 1201.8733 | D1006: -0.53517 | E1006: 1.2026e-13 | F1006: 5.9727e-12 | G1006: SCAF11 | H1006: protein_coding | I1006: SR-related CTD-associated factor 11 [Source:HGNC Symbol;Acc:HGNC:10784]
A1007: ENSG00000139266 | B1007: 148.39062 | C1007: 256.44279 | D1007: -0.78924 | E1007: 1.0598e-07 | F1007: 2.5065e-06 | G1007: 44629 | H1007: protein_coding | I1007: membrane associated ring-CH-type finger 9 [Source:HGNC Symbol;Acc:HGNC:25139]
A1008: ENSG00000139289 | B1008: 1979.6458 | C1008: 4121.6466 | D1008: -1.058 | E1008: 5.3151e-57 | F1008: 3.2998e-54 | G1008: PHLDA1 | H1008: protein_coding | I1008: pleckstrin homology-like domain, family A, member 1 [Source:HGNC Symbol;Acc:HGNC:8933]
A1009: ENSG00000139291 | B1009: 213.56036 | C1009: 370.71406 | D1009: -0.79566 | E1009: 1.8671e-10 | F1009: 6.5382e-09 | G1009: TMEM19 | H1009: protein_coding | I1009: transmembrane protein 19 [Source:HGNC Symbol;Acc:HGNC:25605]
A1010: ENSG00000139318 | B1010: 181.75481 | C1010: 275.02794 | D1010: -0.59758 | E1010: 1.7437e-05 | F1010: 0.00027522 | G1010: DUSP6 | H1010: protein_coding | I1010: dual specificity phosphatase 6 [Source:HGNC Symbol;Acc:HGNC:3072]
A1011: ENSG00000139323 | B1011: 239.57429 | C1011: 325.69339 | D1011: -0.44304 | E1011: 0.00037038 | F1011: 0.0042516 | G1011: POC1B | H1011: protein_coding | I1011: POC1 centriolar protein B [Source:HGNC Symbol;Acc:HGNC:30836]
A1012: ENSG00000139496 | B1012: 910.29808 | C1012: 1307.2894 | D1012: -0.52217 | E1012: 6.3785e-14 | F1012: 3.2943e-12 | G1012: NUP58 | H1012: protein_coding | I1012: nucleoporin 58kDa [Source:HGNC Symbol;Acc:HGNC:20261]
A1013: ENSG00000139624 | B1013: 296.19788 | C1013: 375.16905 | D1013: -0.34098 | E1013: 0.0034752 | F1013: 0.029845 | G1013: CERS5 | H1013: protein_coding | I1013: ceramide synthase 5 [Source:HGNC Symbol;Acc:HGNC:23749]
A1014: ENSG00000139625 | B1014: 238.72842 | C1014: 318.27855 | D1014: -0.41492 | E1014: 0.0011871 | F1014: 0.011883 | G1014: MAP3K12 | H1014: protein_coding | I1014: mitogen-activated protein kinase kinase kinase 12 [Source:HGNC Symbol;Acc:HGNC:6851]
A1015: ENSG00000139644 | B1015: 4716.3935 | C1015: 5246.8679 | D1015: -0.15377 | E1015: 0.00048327 | F1015: 0.0053756 | G1015: TMBIM6 | H1015: protein_coding | I1015: transmembrane BAX inhibitor motif containing 6 [Source:HGNC Symbol;Acc:HGNC:11723]
A1016: ENSG00000139645 | B1016: 1173.4471 | C1016: 1370.765 | D1016: -0.22423 | E1016: 0.00067948 | F1016: 0.0072523 | G1016: ANKRD52 | H1016: protein_coding | I1016: ankyrin repeat domain 52 [Source:HGNC Symbol;Acc:HGNC:26614]
A1017: ENSG00000139697 | B1017: 1261.7997 | C1017: 1734.9888 | D1017: -0.45944 | E1017: 1.4756e-13 | F1017: 7.2681e-12 | G1017: SBNO1 | H1017: protein_coding | I1017: strawberry notch homolog 1 (Drosophila) [Source:HGNC Symbol;Acc:HGNC:22973]
A1018: ENSG00000139793 | B1018: 266.52888 | C1018: 591.08143 | D1018: -1.1491 | E1018: 2.6937e-27 | F1018: 3.7163e-25 | G1018: MBNL2 | H1018: protein_coding | I1018: muscleblind-like splicing regulator 2 [Source:HGNC Symbol;Acc:HGNC:16746]
A1019: ENSG00000139826 | B1019: 92.013121 | C1019: 169.42698 | D1019: -0.88075 | E1019: 2.162e-06 | F1019: 4.0546e-05 | G1019: ABHD13 | H1019: protein_coding | I1019: abhydrolase domain containing 13 [Source:HGNC Symbol;Acc:HGNC:20293]
... A1109: ENSG00000145386 | B1109: 1676.5205 | C1109: 1889.0508 | D1109: -0.17219 | E1109: 0.003279 | F1109: 0.02848 | G1109: CCNA2 | H1109: protein_coding | I1109: cyclin A2 [Source:HGNC Symbol;Acc:HGNC:1578]
A1110: ENSG00000145495 | B1110: 1311.2882 | C1110: 1483.3112 | D1110: -0.17784 | E1110: 0.0051252 | F1110: 0.04157 | G1110: 44626 | H1110: protein_coding | I1110: membrane associated ring-CH-type finger 6 [Source:HGNC Symbol;Acc:HGNC:30550]
A1111: ENSG00000145623 | B1111: 1971.0139 | C1111: 2235.5544 | D1111: -0.18169 | E1111: 0.0010419 | F1111: 0.010604 | G1111: OSMR | H1111: protein_coding | I1111: oncostatin M receptor [Source:HGNC Symbol;Acc:HGNC:8507]
A1112: ENSG00000145632 | B1112: 1467.6471 | C1112: 1803.3501 | D1112: -0.29717 | E1112: 8.0417e-07 | F1112: 1.6258e-05 | G1112: PLK2 | H1112: protein_coding | I1112: polo-like kinase 2 [Source:HGNC Symbol;Acc:HGNC:19699]
A1113: ENSG00000145777 | B1113: 470.85948 | C1113: 1038.6422 | D1113: -1.1413 | E1113: 3.4654e-18 | F1113: 2.5187e-16 | G1113: TSLP | H1113: protein_coding | I1113: thymic stromal lymphopoietin [Source:HGNC Symbol;Acc:HGNC:30743]
A1114: ENSG00000145782 | B1114: 391.03663 | C1114: 502.25054 | D1114: -0.3611 | E1114: 0.00044638 | F1114: 0.0050027 | G1114: ATG12 | H1114: protein_coding | I1114: autophagy related 12 [Source:HGNC Symbol;Acc:HGNC:588]
A1115: ENSG00000145882 | B1115: 133.13592 | C1115: 188.42698 | D1115: -0.50111 | E1115: 0.0023085 | F1115: 0.02116 | G1115: PCYOX1L | H1115: protein_coding | I1115: prenylcysteine oxidase 1 like [Source:HGNC Symbol;Acc:HGNC:28477]
A1116: ENSG00000145907 | B1116: 2116.4368 | C1116: 2663.0252 | D1116: -0.33143 | E1116: 5.2034e-08 | F1116: 1.2858e-06 | G1116: G3BP1 | H1116: protein_coding | I1116: GTPase activating protein (SH3 domain) binding protein 1 [Source:HGNC Symbol;Acc:HGNC:30292]
A1117: ENSG00000145920 | B1117: 1.4128098 | C1117: 13.540144 | D1117: -3.2606 | E1117: 0.00075364 | F1117: 0.0079754 | G1117: CPLX2 | H1117: protein_coding | I1117: complexin 2 [Source:HGNC Symbol;Acc:HGNC:2310]
A1118: ENSG00000146232 | B1118: 101.21371 | C1118: 177.96713 | D1118: -0.81421 | E1118: 5.8118e-06 | F1118: 0.00010116 | G1118: NFKBIE | H1118: protein_coding | I1118: nuclear factor of kappa light polypeptide gene enhancer in B-cells inhibitor, epsilon [Source:HGNC Symbol;Acc:HGNC:7799]
A1119: ENSG00000146247 | B1119: 863.84489 | C1119: 1167.793 | D1119: -0.43494 | E1119: 1.5812e-09 | F1119: 4.8829e-08 | G1119: PHIP | H1119: protein_coding | I1119: pleckstrin homology domain interacting protein [Source:HGNC Symbol;Acc:HGNC:15673]
A1120: ENSG00000146457 | B1120: 440.09304 | C1120: 635.38191 | D1120: -0.52982 | E1120: 1.799e-08 | F1120: 4.7402e-07 | G1120: WTAP | H1120: protein_coding | I1120: Wilms tumor 1 associated protein [Source:HGNC Symbol;Acc:HGNC:16846]
A1121: ENSG00000146648 | B1121: 833.0438 | C1121: 1177.6385 | D1121: -0.49943 | E1121: 6.8342e-12 | F1121: 2.8524e-10 | G1121: EGFR | H1121: protein_coding | I1121: epidermal growth factor receptor [Source:HGNC Symbol;Acc:HGNC:3236]
A1122: ENSG00000146676 | B1122: 1045.133 | C1122: 1673.4535 | D1122: -0.67914 | E1122: 1.025e-25 | F1122: 1.2622e-23 | G1122: PURB | H1122: protein_coding | I1122: purine-rich element binding protein B [Source:HGNC Symbol;Acc:HGNC:9702]
... A1646: ENSG00000184007 | B1646: 1528.3632 | C1646: 1882.9462 | D1646: -0.301 | E1646: 4.5811e-07 | F1646: 9.6958e-06 | G1646: PTP4A2 | H1646: protein_coding | I1646: protein tyrosine phosphatase type IVA, member 2 [Source:HGNC Symbol;Acc:HGNC:9635]
A1647: ENSG00000184185 | B1647: 0 | C1647: 6.8150841 | D1647: =-Inf -> #NAME? | E1647: 0.0038432 | F1647: 0.032545 | G1647: KCNJ12 | H1647: protein_coding | I1647: potassium channel, inwardly rectifying subfamily J, member 12 [Source:HGNC Symbol;Acc:HGNC:6258]
A1648: ENSG00000184203 | B1648: 215.63856 | C1648: 445.5851 | D1648: -1.0471 | E1648: 1.5453e-18 | F1648: 1.1629e-16 | G1648: PPP1R2 | H1648: protein_coding | I1648: protein phosphatase 1 regulatory inhibitor subunit 2 [Source:HGNC Symbol;Acc:HGNC:9288]
A1649: ENSG00000184368 | B1649: 4.2967655 | C1649: 19.90024 | D1649: -2.2115 | E1649: 0.0010068 | F1649: 0.0103 | G1649: MAP7D2 | H1649: protein_coding | I1649: MAP7 domain containing 2 [Source:HGNC Symbol;Acc:HGNC:25899]
A1650: ENSG00000184524 | B1650: 37.456782 | C1650: 85.375901 | D1650: -1.1886 | E1650: 1.1974e-05 | F1650: 0.00019404 | G1650: CEND1 | H1650: protein_coding | I1650: cell cycle exit and neuronal differentiation 1 [Source:HGNC Symbol;Acc:HGNC:24153]
A1651: ENSG00000184602 | B1651: 86.361882 | C1651: 246.44279 | D1651: -1.5128 | E1651: 3.7577e-19 | F1651: 2.9468e-17 | G1651: SNN | H1651: protein_coding | I1651: stannin [Source:HGNC Symbol;Acc:HGNC:11149]
A1652: ENSG00000185088 | B1652: 266.19528 | C1652: 402.02428 | D1652: -0.5948 | E1652: 4.928e-05 | F1652: 0.00070352 | G1652: RPS27L | H1652: protein_coding | I1652: ribosomal protein S27 like [Source:HGNC Symbol;Acc:HGNC:18476]
A1653: ENSG00000185090 | B1653: 153.31814 | C1653: 272.253 | D1653: -0.82842 | E1653: 1.3187e-08 | F1653: 3.5436e-07 | G1653: MANEAL | H1653: protein_coding | I1653: mannosidase, endo-alpha-like [Source:HGNC Symbol;Acc:HGNC:26452]
A1654: ENSG00000185129 | B1654: 553.98739 | C1654: 675.7274 | D1654: -0.28659 | E1654: 0.0013089 | F1654: 0.012946 | G1654: PURA | H1654: protein_coding | I1654: purine-rich element binding protein A [Source:HGNC Symbol;Acc:HGNC:9701]
A1655: ENSG00000185222 | B1655: 594.63623 | C1655: 746.46827 | D1655: -0.32807 | E1655: 0.00011328 | F1655: 0.0014852 | G1655: WBP5 | H1655: protein_coding | I1655: WW domain binding protein 5 [Source:HGNC Symbol;Acc:HGNC:30084]
A1656: ENSG00000185278 | B1656: 158.08159 | C1656: 276.78828 | D1656: -0.80811 | E1656: 1.1712e-07 | F1656: 2.7504e-06 | G1656: ZBTB37 | H1656: protein_coding | I1656: zinc finger and BTB domain containing 37 [Source:HGNC Symbol;Acc:HGNC:28365]
A1657: ENSG00000185305 | B1657: 107.2733 | C1657: 164.47686 | D1657: -0.61659 | E1657: 0.00058479 | F1657: 0.0063834 | G1657: ARL15 | H1657: protein_coding | I1657: ADP ribosylation factor like GTPase 15 [Source:HGNC Symbol;Acc:HGNC:25945]
A1658: ENSG00000185404 | B1658: 136.79646 | C1658: 210.27734 | D1658: -0.62026 | E1658: 0.00010735 | F1658: 0.0014168 | G1658: SP140L | H1658: protein_coding | I1658: SP140 nuclear body protein like [Source:HGNC Symbol;Acc:HGNC:25105]
A1659: ENSG00000185515 | B1659: 328.10188 | C1659: 531.23594 | D1659: -0.69521 | E1659: 2.5748e-11 | F1659: 1.003e-09 | G1659: BRCC3 | H1659: protein_coding | I1659: BRCA1/BRCA2-containing complex subunit 3 [Source:HGNC Symbol;Acc:HGNC:24185]
... A1890: ENSG00000281490 | B1890: 8.996409 | C1890: 33.940385 | D1890: -1.9156 | E1890: 8.1392e-05 | F1890: 0.001108 | G1890: CICP14 | H1890: processed_pseudogene | I1890: capicua transcriptional repressor pseudogene 14 [Source:HGNC Symbol;Acc:HGNC:38542]

Sheet Up regulating DEGs
A1: Gene_id | B1: readcount_ND2 | C1: readcount_LUC | D1: log2FoldChange | E1: pval | F1: padj | G1: Associated Gene Name | H1: gene_biotype | I1: Description
A2: ENSG00000001036 | B2: 1504.7666 | C2: 1260.5838 | D2: 0.25545 | E2: 6.72e-05 | F2: 0.00093032 | G2: FUCA2 | H2: protein_coding | I2: fucosidase, alpha-L- 2, plasma [Source:HGNC Symbol;Acc:HGNC:4008]
A3: ENSG00000001497 | B3: 1098.1362 | C3: 902.54002 | D3: 0.28299 | E3: 9.76e-05 | F3: 0.0013007 | G3: LAS1L | H3: protein_coding | I3: LAS1-like, ribosome biogenesis factor [Source:HGNC Symbol;Acc:HGNC:25726]
A4: ENSG00000001626 | B4: 27.222571 | C4: 7.8600962 | D4: 1.7922 | E4: 0.0009204 | F4: 0.0095104 | G4: CFTR | H4: protein_coding | I4: cystic fibrosis transmembrane conductance regulator [Source:HGNC Symbol;Acc:HGNC:1884]
A5: ENSG00000002822 | B5: 472.85565 | C5: 356.76881 | D5: 0.40641 | E5: 0.00013966 | F5: 0.0017847 | G5: MAD1L1 | H5: protein_coding | I5: MAD1 mitotic arrest deficient-like 1 (yeast) [Source:HGNC Symbol;Acc:HGNC:6762]
A6: ENSG00000003056 | B6: 1260.819 | C6: 988.92566 | D6: 0.35043 | E6: 4.69e-07 | F6: 9.88e-06 | G6: M6PR | H6: protein_coding | I6: mannose-6-phosphate receptor (cation dependent) [Source:HGNC Symbol;Acc:HGNC:6752]
A7: ENSG00000004961 | B7: 326.42656 | C7: 250.80288 | D7: 0.3802 | E7: 0.0023309 | F7: 0.021339 | G7: HCCS | H7: protein_coding | I7: holocytochrome c synthase [Source:HGNC Symbol;Acc:HGNC:4837]
A8: ENSG00000004975 | B8: 1373.1948 | C8: 953.71034 | D8: 0.52591 | E8: 2.04e-14 | F8: 1.11e-12 | G8: DVL2 | H8: protein_coding | I8: dishevelled segment polarity protein 2 [Source:HGNC Symbol;Acc:HGNC:3086]
A9: ENSG00000005007 | B9: 1799.7394 | C9: 1426.2456 | D9: 0.33557 | E9: 1.23e-06 | F9: 2.41e-05 | G9: UPF1 | H9: protein_coding | I9: UPF1 regulator of nonsense transcripts homolog (yeast) [Source:HGNC Symbol;Acc:HGNC:9962]
A10: ENSG00000005100 | B10: 947.37568 | C10: 759.42326 | D10: 0.31903 | E10: 3.93e-05 | F10: 0.00057389 | G10: DHX33 | H10: protein_coding | I10: DEAH (Asp-Glu-Ala-His) box polypeptide 33 [Source:HGNC Symbol;Acc:HGNC:16718]
A11: ENSG00000005206 | B11: 341.87996 | C11: 266.02794 | D11: 0.36191 | E11: 0.0030881 | F11: 0.027143 | G11: SPPL2B | H11: protein_coding | I11: signal peptide peptidase like 2B [Source:HGNC Symbol;Acc:HGNC:30627]
A12: ENSG00000005243 | B12: 200.46041 | C12: 137.99147 | D12: 0.53874 | E12: 0.0024799 | F12: 0.022558 | G12: COPZ2 | H12: protein_coding | I12: coatomer protein complex subunit zeta 2 [Source:HGNC Symbol;Acc:HGNC:19356]
A13: ENSG00000005448 | B13: 712.15101 | C13: 590.54615 | D13: 0.27013 | E13: 0.0053953 | F13: 0.043477 | G13: WDR54 | H13: protein_coding | I13: WD repeat domain 54 [Source:HGNC Symbol;Acc:HGNC:25770]
... A1524: ENSG00000184428 | B1524: 368.72882 | C1524: 198.10703 | D1524: 0.89628 | E1524: 3.19e-12 | F1524: 1.37e-10 | G1524: TOP1MT | H1524: protein_coding | I1524: topoisomerase (DNA) I, mitochondrial [Source:HGNC Symbol;Acc:HGNC:29787]
A1525: ENSG00000184640 | B1525: 3676.3576 | C1525: 2710.7296 | D1525: 0.4396 | E1525: 3.55e-19 | F1525: 2.8e-17 | G1525: 44813 | H1525: protein_coding | I1525: septin 9 [Source:HGNC Symbol;Acc:HGNC:7323]
A1526: ENSG00000184840 | B1526: 2004.7209 | C1526: 1543.1762 | D1526: 0.3775 | E1526: 4.23e-07 | F1526: 9.02e-06 | G1526: TMED9 | H1526: protein_coding | I1526: transmembrane p24 trafficking protein 9 [Source:HGNC Symbol;Acc:HGNC:24878]
A1527: ENSG00000184857 | B1527: 197.7861 | C1527: 121.04621 | D1527: 0.70838 | E1527: 2.67e-05 | F1527: 0.00040483 | G1527: TMEM186 | H1527: protein_coding | I1527: transmembrane protein 186 [Source:HGNC Symbol;Acc:HGNC:24530]
A1528: ENSG00000184887 | B1528: 649.75951 | C1528: 533.3357 | D1528: 0.28486 | E1528: 0.0017352 | F1528: 0.016579 | G1528: BTBD6 | H1528: protein_coding | I1528: BTB (POZ) domain containing 6 [Source:HGNC Symbol;Acc:HGNC:19897]
A1529: ENSG00000184939 | B1529: 209.63183 | C1529: 154.2518 | D1529: 0.44257 | E1529: 0.0040198 | F1529: 0.033791 | G1529: ZFP90 | H1529: protein_coding | I1529: ZFP90 zinc finger protein [Source:HGNC Symbol;Acc:HGNC:23329]
A1530: ENSG00000184949 | B1530: 52.25027 | C1530: 25.990264 | D1530: 1.0075 | E1530: 0.0032855 | F1530: 0.028511 | G1530: FAM227A | H1530: protein_coding | I1530: family with sequence similarity 227 member A [Source:HGNC Symbol;Acc:HGNC:44197]
A1531: ENSG00000185009 | B1531: 589.03785 | C1531: 449.67025 | D1531: 0.38949 | E1531: 4.26e-05 | F1531: 0.00061689 | G1531: AP3M1 | H1531: protein_coding | I1531: adaptor related protein complex 3, mu 1 subunit [Source:HGNC Symbol;Acc:HGNC:569]
A1532: ENSG00000185019 | B1532: 145.99705 | C1532: 94.186118 | D1532: 0.63235 | E1532: 0.00091842 | F1532: 0.0094932 | G1532: UBOX5 | H1532: protein_coding | I1532: U-box domain containing 5 [Source:HGNC Symbol;Acc:HGNC:17777]
A1533: ENSG00000185043 | B1533: 568.44181 | C1533: 450.49507 | D1533: 0.3355 | E1533: 0.00047956 | F1533: 0.0053444 | G1533: CIB1 | H1533: protein_coding | I1533: calcium and integrin binding 1 [Source:HGNC Symbol;Acc:HGNC:16920]
A1534: ENSG00000185049 | B1534: 604.947 | C1534: 435.19459 | D1534: 0.47515 | E1534: 7.9e-07 | F1534: 1.6e-05 | G1534: NELFA | H1534: protein_coding | I1534: negative elongation factor complex member A [Source:HGNC Symbol;Acc:HGNC:12768]
A1535: ENSG00000185122 | B1535: 1042.8798 | C1535: 822.89405 | D1535: 0.34179 | E1535: 4.7e-06 | F1535: 8.3e-05 | G1535: HSF1 | H1535: protein_coding | I1535: heat shock transcription factor 1 [Source:HGNC Symbol;Acc:HGNC:5224]
A1536: ENSG00000185189 | B1536: 182.93428 | C1536: 118.22626 | D1536: 0.62977 | E1536: 0.00025266 | F1536: 0.0030445 | G1536: NRBP2 | H1536: protein_coding | I1536: nuclear receptor binding protein 2 [Source:HGNC Symbol;Acc:HGNC:19339]
A1537: ENSG00000185215 | B1537: 1154.7306 | C1537: 999.24075 | D1537: 0.20865 | E1537: 0.0032289 | F1537: 0.028124 | G1537: TNFAIP2 | H1537: protein_coding | I1537: TNF alpha induced protein 2 [Source:HGNC Symbol;Acc:HGNC:11895]
... A1761: ENSG00000231721 | B1761: 178.1763 | C1761: 101.27127 | D1761: 0.81508 | E1761: 4.14e-06 | F1761: 7.37e-05 | G1761: LINC-PINT | H1761: antisense | I1761: long intergenic non-protein coding RNA, p53 induced transcript [Source:HGNC Symbol;Acc:HGNC:26885]
A1762: ENSG00000231738 | B1762: 12.399914 | C1762: 0 | D1762: Inf | E1762: 4.34e-05 | F1762: 0.00062761 | G1762: TSPAN19 | H1762: protein_coding | I1762: tetraspanin 19 [Source:HGNC Symbol;Acc:HGNC:31886]
A1763: ENSG00000231789 | B1763: 122.61003 | C1763: 66.115565 | D1763: 0.89102 | E1763: 0.00018583 | F1763: 0.0023007 | G1763: PIK3CD-AS2 | H1763: antisense | I1763: PIK3CD antisense RNA 2 [Source:HGNC Symbol;Acc:HGNC:51334]
A1764: ENSG00000232098 | B1764: 235.26658 | C1764: 143.67151 | D1764: 0.71152 | E1764: 3.7e-06 | F1764: 6.67e-05 | G1764: CTD-2619J13.14 | H1764: lincRNA | I1764: -
A1765: ENSG00000233237 | B1765: 32.009718 | C1765: 12.040144 | D1765: 1.4107 | E1765: 0.0026628 | F1765: 0.024002 | G1765: LINC00472 | H1765: lincRNA | I1765: long intergenic non-protein coding RNA 472 [Source:HGNC Symbol;Acc:HGNC:21380]
A1766: ENSG00000234127 | B1766: 629.68302 | C1766: 435.01941 | D1766: 0.53355 | E1766: 1.88e-06 | F1766: 3.56e-05 | G1766: TRIM26 | H1766: protein_coding | I1766: tripartite motif containing 26 [Source:HGNC Symbol;Acc:HGNC:12962]
A1767: ENSG00000234171 | B1767: 194.21306 | C1767: 124.40631 | D1767: 0.64258 | E1767: 0.00013523 | F1767: 0.0017355 | G1767: RNASEH1-AS1 | H1767: antisense | I1767: RNASEH1 antisense RNA 1 [Source:HGNC Symbol;Acc:HGNC:49289]
A1768: ENSG00000234327 | B1768: 82.181788 | C1768: 46.615565 | D1768: 0.81801 | E1768: 0.0017343 | F1768: 0.016575 | G1768: AC012146.7 | H1768: processed_transcript | I1768: -
A1769: ENSG00000234608 | B1769: 248.97358 | C1769: 186.01214 | D1769: 0.4206 | E1769: 0.003307 | F1769: 0.028646 | G1769: MAPKAPK5-AS1 | H1769: lincRNA | I1769: MAPKAPK5 antisense RNA 1 [Source:HGNC Symbol;Acc:HGNC:24091]
A1770: ENSG00000234616 | B1770: 597.3634 | C1770: 469.4598 | D1770: 0.34761 | E1770: 0.00030897 | F1770: 0.0036306 | G1770: JRK | H1770: protein_coding | I1770: Jrk helix-turn-helix protein [Source:HGNC Symbol;Acc:HGNC:6199]
A1771: ENSG00000234694 | B1771: 15.745084 | C1771: 3.1350361 | D1771: 2.3283 | E1771: 0.0031566 | F1771: 0.027586 | G1771: RP1-92O14.3 | H1771: antisense | I1771: -
A1772: ENSG00000235109 | B1772: 1003.0805 | C1772: 606.84177 | D1772: 0.72505 | E1772: 1.06e-09 | F1772: 3.34e-08 | G1772: ZSCAN31 | H1772: protein_coding | I1772: zinc finger and SCAN domain containing 31 [Source:HGNC Symbol;Acc:HGNC:14097]
A1773: ENSG00000235173 | B1773: 353.44495 | C1773: 273.12284 | D1773: 0.37194 | E1773: 0.0023097 | F1773: 0.021165 | G1773: HGH1 | H1773: protein_coding | I1773: HGH1 homolog [Source:HGNC Symbol;Acc:HGNC:24161]
A1774: ENSG00000235823 | B1774: 335.79668 | C1774: 162.20192 | D1774: 1.0498 | E1774: 1.33e-14 | F1774: 7.36e-13 | G1774: OLMALINC | H1774: lincRNA | I1774: oligodendrocyte maturation-associated long intergenic non-coding RNA [Source:HGNC Symbol;Acc:HGNC:28060]
... A1872: ENSG00000281398 | B1872: 164.0482 | C1872: 63.700721 | D1872: 1.3647 | E1872: 1.63e-11 | F1872: 6.51e-10 | G1872: SNHG4 | H1872: processed_transcript | I1872: small nucleolar RNA host gene 4 [Source:HGNC Symbol;Acc:HGNC:32964]

Sheet DEGs
A1: Associated Gene Name | B1: Gene_id | C1: readcount_ND2 | D1: readcount_LUC | E1: log2FoldChange | F1: pval | G1: padj | H1: Associated Gene Name | I1: gene_biotype | J1: Description
A2: FUCA2 | B2: ENSG00000001036 | C2: 1504.7666 | D2: 1260.5838 | E2: 0.25545 | F2: 6.72e-05 | G2: 0.00093032 | H2: FUCA2 | I2: protein_coding | J2: fucosidase, alpha-L- 2, plasma [Source:HGNC Symbol;Acc:HGNC:4008]
A3: LAS1L | B3: ENSG00000001497 | C3: 1098.1362 | D3: 902.54002 | E3: 0.28299 | F3: 9.76e-05 | G3: 0.0013007 | H3: LAS1L | I3: protein_coding | J3: LAS1-like, ribosome biogenesis factor [Source:HGNC Symbol;Acc:HGNC:25726]
A4: CFTR | B4: ENSG00000001626 | C4: 27.222571 | D4: 7.8600962 | E4: 1.7922 | F4: 0.0009204 | G4: 0.0095104 | H4: CFTR | I4: protein_coding | J4: cystic fibrosis transmembrane conductance regulator [Source:HGNC Symbol;Acc:HGNC:1884]
A5: MAD1L1 | B5: ENSG00000002822 | C5: 472.85565 | D5: 356.76881 | E5: 0.40641 | F5: 0.00013966 | G5: 0.0017847 | H5: MAD1L1 | I5: protein_coding | J5: MAD1 mitotic arrest deficient-like 1 (yeast) [Source:HGNC Symbol;Acc:HGNC:6762]
A6: M6PR | B6: ENSG00000003056 | C6: 1260.819 | D6: 988.92566 | E6: 0.35043 | F6: 4.69e-07 | G6: 9.88e-06 | H6: M6PR | I6: protein_coding | J6: mannose-6-phosphate receptor (cation dependent) [Source:HGNC Symbol;Acc:HGNC:6752]
A7: HCCS | B7: ENSG00000004961 | C7: 326.42656 | D7: 250.80288 | E7: 0.3802 | F7: 0.0023309 | G7: 0.021339 | H7: HCCS | I7: protein_coding | J7: holocytochrome c synthase [Source:HGNC Symbol;Acc:HGNC:4837]
A8: DVL2 | B8: ENSG00000004975 | C8: 1373.1948 | D8: 953.71034 | E8: 0.52591 | F8: 2.04e-14 | G8: 1.11e-12 | H8: DVL2 | I8: protein_coding | J8: dishevelled segment polarity protein 2 [Source:HGNC Symbol;Acc:HGNC:3086]
A9: UPF1 | B9: ENSG00000005007 | C9: 1799.7394 | D9: 1426.2456 | E9: 0.33557 | F9: 1.23e-06 | G9: 2.41e-05 | H9: UPF1 | I9: protein_coding | J9: UPF1 regulator of nonsense transcripts homolog (yeast) [Source:HGNC Symbol;Acc:HGNC:9962]
A10: DHX33 | B10: ENSG00000005100 | C10: 947.37568 | D10: 759.42326 | E10: 0.31903 | F10: 3.93e-05 | G10: 0.00057389 | H10: DHX33 | I10: protein_coding | J10: DEAH (Asp-Glu-Ala-His) box polypeptide 33 [Source:HGNC Symbol;Acc:HGNC:16718]
A11: SPPL2B | B11: ENSG00000005206 | C11: 341.87996 | D11: 266.02794 | E11: 0.36191 | F11: 0.0030881 | G11: 0.027143 | H11: SPPL2B | I11: protein_coding | J11: signal peptide peptidase like 2B [Source:HGNC Symbol;Acc:HGNC:30627]
A12: COPZ2 | B12: ENSG00000005243 | C12: 200.46041 | D12: 137.99147 | E12: 0.53874 | F12: 0.0024799 | G12: 0.022558 | H12: COPZ2 | I12: protein_coding | J12: coatomer protein complex subunit zeta 2 [Source:HGNC Symbol;Acc:HGNC:19356]
A13: WDR54 | B13: ENSG00000005448 | C13: 712.15101 | D13: 590.54615 | E13: 0.27013 | F13: 0.0053953 | G13: 0.043477 | H13: WDR54 | I13: protein_coding | J13: WD repeat domain 54 [Source:HGNC Symbol;Acc:HGNC:25770]
... A1524: TOP1MT | B1524: ENSG00000184428 | C1524: 368.72882 | D1524: 198.10703 | E1524: 0.89628 | F1524: 3.19e-12 | G1524: 1.37e-10 | H1524: TOP1MT | I1524: protein_coding | J1524: topoisomerase (DNA) I, mitochondrial [Source:HGNC Symbol;Acc:HGNC:29787]
A1525: 44813 | B1525: ENSG00000184640 | C1525: 3676.3576 | D1525: 2710.7296 | E1525: 0.4396 | F1525: 3.55e-19 | G1525: 2.8e-17 | H1525: 44813 | I1525: protein_coding | J1525: septin 9 [Source:HGNC Symbol;Acc:HGNC:7323]
A1526: TMED9 | B1526: ENSG00000184840 | C1526: 2004.7209 | D1526: 1543.1762 | E1526: 0.3775 | F1526: 4.23e-07 | G1526: 9.02e-06 | H1526: TMED9 | I1526: protein_coding | J1526: transmembrane p24 trafficking protein 9 [Source:HGNC Symbol;Acc:HGNC:24878]
A1527: TMEM186 | B1527: ENSG00000184857 | C1527: 197.7861 | D1527: 121.04621 | E1527: 0.70838 | F1527: 2.67e-05 | G1527: 0.00040483 | H1527: TMEM186 | I1527: protein_coding | J1527: transmembrane protein 186 [Source:HGNC Symbol;Acc:HGNC:24530]
A1528: BTBD6 | B1528: ENSG00000184887 | C1528: 649.75951 | D1528: 533.3357 | E1528: 0.28486 | F1528: 0.0017352 | G1528: 0.016579 | H1528: BTBD6 | I1528: protein_coding | J1528: BTB (POZ) domain containing 6 [Source:HGNC Symbol;Acc:HGNC:19897]
A1529: ZFP90 | B1529: ENSG00000184939 | C1529: 209.63183 | D1529: 154.2518 | E1529: 0.44257 | F1529: 0.0040198 | G1529: 0.033791 | H1529: ZFP90 | I1529: protein_coding | J1529: ZFP90 zinc finger protein [Source:HGNC Symbol;Acc:HGNC:23329]
A1530: FAM227A | B1530: ENSG00000184949 | C1530: 52.25027 | D1530: 25.990264 | E1530: 1.0075 | F1530: 0.0032855 | G1530: 0.028511 | H1530: FAM227A | I1530: protein_coding | J1530: family with sequence similarity 227 member A [Source:HGNC Symbol;Acc:HGNC:44197]
A1531: AP3M1 | B1531: ENSG00000185009 | C1531: 589.03785 | D1531: 449.67025 | E1531: 0.38949 | F1531: 4.26e-05 | G1531: 0.00061689 | H1531: AP3M1 | I1531: protein_coding | J1531: adaptor related protein complex 3, mu 1 subunit [Source:HGNC Symbol;Acc:HGNC:569]
A1532: UBOX5 | B1532: ENSG00000185019 | C1532: 145.99705 | D1532: 94.186118 | E1532: 0.63235 | F1532: 0.00091842 | G1532: 0.0094932 | H1532: UBOX5 | I1532: protein_coding | J1532: U-box domain containing 5 [Source:HGNC Symbol;Acc:HGNC:17777]
A1533: CIB1 | B1533: ENSG00000185043 | C1533: 568.44181 | D1533: 450.49507 | E1533: 0.3355 | F1533: 0.00047956 | G1533: 0.0053444 | H1533: CIB1 | I1533: protein_coding | J1533: calcium and integrin binding 1 [Source:HGNC Symbol;Acc:HGNC:16920]
A1534: NELFA | B1534: ENSG00000185049 | C1534: 604.947 | D1534: 435.19459 | E1534: 0.47515 | F1534: 7.9e-07 | G1534: 1.6e-05 | H1534: NELFA | I1534: protein_coding | J1534: negative elongation factor complex member A [Source:HGNC Symbol;Acc:HGNC:12768]
A1535: HSF1 | B1535: ENSG00000185122 | C1535: 1042.8798 | D1535: 822.89405 | E1535: 0.34179 | F1535: 4.7e-06 | G1535: 8.3e-05 | H1535: HSF1 | I1535: protein_coding | J1535: heat shock transcription factor 1 [Source:HGNC Symbol;Acc:HGNC:5224]
A1536: NRBP2 | B1536: ENSG00000185189 | C1536: 182.93428 | D1536: 118.22626 | E1536: 0.62977 | F1536: 0.00025266 | G1536: 0.0030445 | H1536: NRBP2 | I1536: protein_coding | J1536: nuclear receptor binding protein 2 [Source:HGNC Symbol;Acc:HGNC:19339]
A1537: TNFAIP2 | B1537: ENSG00000185215 | C1537: 1154.7306 | D1537: 999.24075 | E1537: 0.20865 | F1537: 0.0032289 | G1537: 0.028124 | H1537: TNFAIP2 | I1537: protein_coding | J1537: TNF alpha induced protein 2 [Source:HGNC Symbol;Acc:HGNC:11895]
... A1761: LINC-PINT | B1761: ENSG00000231721 | C1761: 178.1763 | D1761: 101.27127 | E1761: 0.81508 | F1761: 4.14e-06 | G1761: 7.37e-05 | H1761: LINC-PINT | I1761: antisense | J1761: long intergenic non-protein coding RNA, p53 induced transcript [Source:HGNC Symbol;Acc:HGNC:26885]
A1762: TSPAN19 | B1762: ENSG00000231738 | C1762: 12.399914 | D1762: 0 | E1762: Inf | F1762: 4.34e-05 | G1762: 0.00062761 | H1762: TSPAN19 | I1762: protein_coding | J1762: tetraspanin 19 [Source:HGNC Symbol;Acc:HGNC:31886]
A1763: PIK3CD-AS2 | B1763: ENSG00000231789 | C1763: 122.61003 | D1763: 66.115565 | E1763: 0.89102 | F1763: 0.00018583 | G1763: 0.0023007 | H1763: PIK3CD-AS2 | I1763: antisense | J1763: PIK3CD antisense RNA 2 [Source:HGNC Symbol;Acc:HGNC:51334]
A1764: CTD-2619J13.14 | B1764: ENSG00000232098 | C1764: 235.26658 | D1764: 143.67151 | E1764: 0.71152 | F1764: 3.7e-06 | G1764: 6.67e-05 | H1764: CTD-2619J13.14 | I1764: lincRNA | J1764: -
A1765: LINC00472 | B1765: ENSG00000233237 | C1765: 32.009718 | D1765: 12.040144 | E1765: 1.4107 | F1765: 0.0026628 | G1765: 0.024002 | H1765: LINC00472 | I1765: lincRNA | J1765: long intergenic non-protein coding RNA 472 [Source:HGNC Symbol;Acc:HGNC:21380]
A1766: TRIM26 | B1766: ENSG00000234127 | C1766: 629.68302 | D1766: 435.01941 | E1766: 0.53355 | F1766: 1.88e-06 | G1766: 3.56e-05 | H1766: TRIM26 | I1766: protein_coding | J1766: tripartite motif containing 26 [Source:HGNC Symbol;Acc:HGNC:12962]
A1767: RNASEH1-AS1 | B1767: ENSG00000234171 | C1767: 194.21306 | D1767: 124.40631 | E1767: 0.64258 | F1767: 0.00013523 | G1767: 0.0017355 | H1767: RNASEH1-AS1 | I1767: antisense | J1767: RNASEH1 antisense RNA 1 [Source:HGNC Symbol;Acc:HGNC:49289]
A1768: AC012146.7 | B1768: ENSG00000234327 | C1768: 82.181788 | D1768: 46.615565 | E1768: 0.81801 | F1768: 0.0017343 | G1768: 0.016575 | H1768: AC012146.7 | I1768: processed_transcript | J1768: -
A1769: MAPKAPK5-AS1 | B1769: ENSG00000234608 | C1769: 248.97358 | D1769: 186.01214 | E1769: 0.4206 | F1769: 0.003307 | G1769: 0.028646 | H1769: MAPKAPK5-AS1 | I1769: lincRNA | J1769: MAPKAPK5 antisense RNA 1 [Source:HGNC Symbol;Acc:HGNC:24091]
A1770: JRK | B1770: ENSG00000234616 | C1770: 597.3634 | D1770: 469.4598 | E1770: 0.34761 | F1770: 0.00030897 | G1770: 0.0036306 | H1770: JRK | I1770: protein_coding | J1770: Jrk helix-turn-helix protein [Source:HGNC Symbol;Acc:HGNC:6199]
A1771: RP1-92O14.3 | B1771: ENSG00000234694 | C1771: 15.745084 | D1771: 3.1350361 | E1771: 2.3283 | F1771: 0.0031566 | G1771: 0.027586 | H1771: RP1-92O14.3 | I1771: antisense | J1771: -
A1772: ZSCAN31 | B1772: ENSG00000235109 | C1772: 1003.0805 | D1772: 606.84177 | E1772: 0.72505 | F1772: 1.06e-09 | G1772: 3.34e-08 | H1772: ZSCAN31 | I1772: protein_coding | J1772: zinc finger and SCAN domain containing 31 [Source:HGNC Symbol;Acc:HGNC:14097]
A1773: HGH1 | B1773: ENSG00000235173 | C1773: 353.44495 | D1773: 273.12284 | E1773: 0.37194 | F1773: 0.0023097 | G1773: 0.021165 | H1773: HGH1 | I1773: protein_coding | J1773: HGH1 homolog [Source:HGNC Symbol;Acc:HGNC:24161]
A1774: OLMALINC | B1774: ENSG00000235823 | C1774: 335.79668 | D1774: 162.20192 | E1774: 1.0498 | F1774: 1.33e-14 | G1774: 7.36e-13 | H1774: OLMALINC | I1774: lincRNA | J1774: oligodendrocyte maturation-associated long intergenic non-coding RNA [Source:HGNC Symbol;Acc:HGNC:28060]
... A2182: LGALS1 | B2182: ENSG00000100097 | C2182: 4779.157 | D2182: 6606.5526 | E2182: -0.46714 | F2182: 1.0503e-27 | G2182: 1.4764e-25 | H2182: LGALS1 | I2182: protein_coding | J2182: lectin, galactoside-binding, soluble, 1 [Source:HGNC Symbol;Acc:HGNC:6561]
A2183: 44807 | B2183: ENSG00000100167 | C2183: 104.90342 | D2183: 272.21286 | E2183: -1.3757 | F2183: 2.3813e-18 | G2183: 1.7565e-16 | H2183: 44807 | I2183: protein_coding | J2183: septin 3 [Source:HGNC Symbol;Acc:HGNC:10750]
A2184: KDELR3 | B2184: ENSG00000100196 | C2184: 117.245 | D2184: 176.10703 | E2184: -0.58693 | F2184: 0.00078356 | G2184: 0.0082469 | H2184: KDELR3 | I2184: protein_coding | J2184: KDEL endoplasmic reticulum protein retention receptor 3 [Source:HGNC Symbol;Acc:HGNC:6306]
A2185: XBP1 | B2185: ENSG00000100219 | C2185: 609.00495 | D2185: 747.41839 | E2185: -0.29546 | F2185: 0.00058832 | G2185: 0.0064149 | H2185: XBP1 | I2185: protein_coding | J2185: X-box binding protein 1 [Source:HGNC Symbol;Acc:HGNC:12801]
A2186: PDGFB | B2186: ENSG00000100311 | C2186: 202.33991 | D2186: 279.4878 | E2186: -0.466 | F2186: 0.002821 | G2186: 0.02514 | H2186: PDGFB | I2186: protein_coding | J2186: platelet-derived growth factor beta polypeptide [Source:HGNC Symbol;Acc:HGNC:8800]
A2187: RBFOX2 | B2187: ENSG00000100320 | C2187: 1022.5991 | D2187: 1579.7869 | E2187: -0.62749 | F2187: 1.2384e-21 | G2187: 1.1943e-19 | H2187: RBFOX2 | I2187: protein_coding | J2187: RNA binding protein, fox-1 homolog (C. elegans) 2 [Source:HGNC Symbol;Acc:HGNC:9906]
A2188: TNRC6B | B2188: ENSG00000100354 | C2188: 526.02288 | D2188: 769.40379 | E2188: -0.54862 | F2188: 3.4266e-10 | G2188: 1.1604e-08 | H2188: TNRC6B | I2188: protein_coding | J2188: trinucleotide repeat containing 6B [Source:HGNC Symbol;Acc:HGNC:29190]
A2189: RBX1 | B2189: ENSG00000100387 | C2189: 410.70477 | D2189: 580.44153 | E2189: -0.49905 | F2189: 3.7394e-07 | G2189: 8.0516e-06 | H2189: RBX1 | I2189: protein_coding | J2189: ring-box 1, E3 ubiquitin protein ligase [Source:HGNC Symbol;Acc:HGNC:9928]
A2190: BRD1 | B2190: ENSG00000100425 | C2190: 332.10149 | D2190: 431.32476 | E2190: -0.37715 | F2190: 0.00060508 | G2190: 0.0065581 | H2190: BRD1 | I2190: protein_coding | J2190: bromodomain containing 1 [Source:HGNC Symbol;Acc:HGNC:1102]
A2191: ABHD4 | B2191: ENSG00000100439 | C2191: 311.59843 | D2191: 429.82476 | E2191: -0.46406 | F2191: 3.2076e-05 | G2191: 0.00047791 | H2191: ABHD4 | I2191: protein_coding | J2191: abhydrolase domain containing 4 [Source:HGNC Symbol;Acc:HGNC:20154]
A2192: PYGL | B2192: ENSG00000100504 | C2192: 777.40278 | D2192: 931.67019 | E2192: -0.26116 | F2192: 0.00077758 | G2192: 0.0081937 | H2192: PYGL | I2192: protein_coding | J2192: phosphorylase, glycogen, liver [Source:HGNC Symbol;Acc:HGNC:9725]
A2193: CDKN3 | B2193: ENSG00000100526 | C2193: 388.59019 | D2193: 477.98047 | E2193: -0.2987 | F2193: 0.004368 | G2193: 0.036381 | H2193: CDKN3 | I2193: protein_coding | J2193: cyclin-dependent kinase inhibitor 3 [Source:HGNC Symbol;Acc:HGNC:1791]
A2194: CNIH1 | B2194: ENSG00000100528 | C2194: 609.32579 | D2194: 906.6848 | E2194: -0.57339 | F2194: 1.8116e-12 | G2194: 8.0097e-11 | H2194: CNIH1 | I2194: protein_coding | J2194: cornichon family AMPA receptor auxiliary protein 1 [Source:HGNC Symbol;Acc:HGNC:19431]
A2195: ATP6V1D | B2195: ENSG00000100554 | C2195: 366.56312 | D2195: 450.81502 | E2195: -0.29847 | F2195: 0.0051009 | G2195: 0.041419 | H2195: ATP6V1D | I2195: protein_coding | J2195: ATPase, H+ transporting, lysosomal 34kDa, V1 subunit D [Source:HGNC Symbol;Acc:HGNC:13527]
... A2583: ZNF644 | B2583: ENSG00000122482 | C2583: 502.15095 | D2583: 604.67145 | E2583: -0.26803 | F2583: 0.0035815 | G2583: 0.030607 | H2583: ZNF644 | I2583: protein_coding | J2583: zinc finger protein 644 [Source:HGNC Symbol;Acc:HGNC:29222]
A2584: 44811 | B2584: ENSG00000122545 | C2584: 1111.2197 | D2584: 2130.1542 | E2584: -0.93881 | F2584: 9.2349e-53 | G2584: 4.9143e-50 | H2584: 44811 | I2584: protein_coding | J2584: septin 7 [Source:HGNC Symbol;Acc:HGNC:1717]
A2585: CBX3 | B2585: ENSG00000122565 | C2585: 1980.0267 | D2585: 3359.0823 | E2585: -0.76255 | F2585: 6.8832e-49 | G2585: 3.205e-46 | H2585: CBX3 | I2585: protein_coding | J2585: chromobox 3 [Source:HGNC Symbol;Acc:HGNC:1553]
A2586: FAM126A | B2586: ENSG00000122591 | C2586: 450.25069 | D2586: 689.91232 | E2586: -0.61568 | F2586: 1.5858e-11 | G2586: 6.3262e-10 | H2586: FAM126A | I2586: protein_coding | J2586: family with sequence similarity 126 member A [Source:HGNC Symbol;Acc:HGNC:24587]
A2587: HOXA7 | B2587: ENSG00000122592 | C2587: 24.251111 | D2587: 58.475661 | E2587: -1.2698 | F2587: 0.00013894 | G2587: 0.001777 | H2587: HOXA7 | I2587: protein_coding | J2587: homeobox A7 [Source:HGNC Symbol;Acc:HGNC:5108]
A2588: CLTA | B2588: ENSG00000122705 | C2588: 1119.4158 | D2588: 1291.3989 | E2588: -0.20619 | F2588: 0.0019828 | G2588: 0.018564 | H2588: CLTA | I2588: protein_coding | J2588: clathrin, light chain A [Source:HGNC Symbol;Acc:HGNC:2090]
A2589: CALD1 | B2589: ENSG00000122786 | C2589: 2123.7542 | D2589: 2796.2904 | E2589: -0.3969 | F2589: 5.5239e-14 | G2589: 2.8678e-12 | H2589: CALD1 | I2589: protein_coding | J2589: caldesmon 1 [Source:HGNC Symbol;Acc:HGNC:1441]
A2590: PLAU | B2590: ENSG00000122861 | C2590: 1202.4508 | D2590: 1700.2029 | E2590: -0.49973 | F2590: 3.8719e-11 | G2590: 1.4717e-09 | H2590: PLAU | I2590: protein_coding | J2590: plasminogen activator, urokinase [Source:HGNC Symbol;Acc:HGNC:9052]
A2591: SRGN | B2591: ENSG00000122862 | C2591: 800.88825 | D2591: 1008.4561 | E2591: -0.33248 | F2591: 1.0386e-05 | G2591: 0.00017066 | H2591: SRGN | I2591: protein_coding | J2591: serglycin [Source:HGNC Symbol;Acc:HGNC:9361]
A2592: CISD1 | B2592: ENSG00000122873 | C2592: 283.05055 | D2592: 384.16418 | E2592: -0.44066 | F2592: 0.00016422 | G2592: 0.0020554 | H2592: CISD1 | I2592: protein_coding | J2592: CDGSH iron sulfur domain 1 [Source:HGNC Symbol;Acc:HGNC:30880]
A2593: P4HA1 | B2593: ENSG00000122884 | C2593: 749.58957 | D2593: 1052.4159 | E2593: -0.48953 | F2593: 6.7056e-07 | G2593: 1.381e-05 | H2593: P4HA1 | I2593: protein_coding | J2593: prolyl 4-hydroxylase, alpha polypeptide I [Source:HGNC Symbol;Acc:HGNC:8546]
A2594: CIT | B2594: ENSG00000122966 | C2594: 1178.2051 | D2594: 1572.383 | E2594: -0.41636 | F2594: 1.1808e-10 | G2594: 4.2447e-09 | H2594: CIT | I2594: protein_coding | J2594: citron rho-interacting serine/threonine kinase [Source:HGNC Symbol;Acc:HGNC:1985]
A2595: RASSF8 | B2595: ENSG00000123094 | C2595: 136.53943 | D2595: 273.20313 | E2595: -1.0007 | F2595: 1.9528e-11 | G2595: 7.7179e-10 | H2595: RASSF8 | I2595: protein_coding | J2595: Ras association (RalGDS/AF-6) domain family (N-terminal) member 8 [Source:HGNC Symbol;Acc:HGNC:13232]
A2596: CCDC91 | B2596: ENSG00000123106 | C2596: 168.3158 | D2596: 254.57782 | E2596: -0.59694 | F2596: 3.9085e-05 | G2596: 0.00057207 | H2596: CCDC91 | I2596: protein_coding | J2596: coiled-coil domain containing 91 [Source:HGNC Symbol;Acc:HGNC:24855]
... A2869: BMP2K | B2869: ENSG00000138756 | C2869: 112.14247 | D2869: 184.28708 | E2869: -0.71662 | F2869: 3.5128e-05 | G2869: 0.00051849 | H2869: BMP2K | I2869: protein_coding | J2869: BMP2 inducible kinase [Source:HGNC Symbol;Acc:HGNC:18041]
A2870: 44815 | B2870: ENSG00000138758 | C2870: 1025.9079 | D2870: 1387.0302 | E2870: -0.4351 | F2870: 9.4106e-11 | G2870: 3.4116e-09 | H2870: 44815 | I2870: protein_coding | J2870: septin 11 [Source:HGNC Symbol;Acc:HGNC:25589]
A2871: SCARB2 | B2871: ENSG00000138760 | C2871: 773.58365 | D2871: 1492.4511 | E2871: -0.94805 | F2871: 5.2013e-42 | G2871: 1.7416e-39 | H2871: SCARB2 | I2871: protein_coding | J2871: scavenger receptor class B member 2 [Source:HGNC Symbol;Acc:HGNC:1665]
A2872: CENPE | B2872: ENSG00000138778 | C2872: 459.33461 | D2872: 1021.0315 | E2872: -1.1524 | F2872: 3.7012e-43 | G2872: 1.4324e-40 | H2872: CENPE | I2872: protein_coding | J2872: centromere protein E [Source:HGNC Symbol;Acc:HGNC:1856]
A2873: SEC24B | B2873: ENSG00000138802 | C2873: 229.3583 | D2873: 445.08996 | E2873: -0.95649 | F2873: 4.8301e-16 | G2873: 3.0366e-14 | H2873: SEC24B | I2873: protein_coding | J2873: SEC24 homolog B, COPII coat complex component [Source:HGNC Symbol;Acc:HGNC:10704]
A2874: PPP3CA | B2874: ENSG00000138814 | C2874: 814.43846 | D2874: 1393.3052 | E2874: -0.77463 | F2874: 2.7216e-28 | G2874: 4.0349e-26 | H2874: PPP3CA | I2874: protein_coding | J2874: protein phosphatase 3, catalytic subunit, alpha isozyme [Source:HGNC Symbol;Acc:HGNC:9314]
A2875: ETNK1 | B2875: ENSG00000139163 | C2875: 332.94189 | D2875: 445.27001 | E2875: -0.41941 | F2875: 0.00011854 | G2875: 0.0015439 | H2875: ETNK1 | I2875: protein_coding | J2875: ethanolamine kinase 1 [Source:HGNC Symbol;Acc:HGNC:24649]
A2876: AMIGO2 | B2876: ENSG00000139211 | C2876: 604.86497 | D2876: 927.44513 | E2876: -0.61665 | F2876: 2.5492e-14 | G2876: 1.3688e-12 | H2876: AMIGO2 | I2876: protein_coding | J2876: adhesion molecule with Ig-like domain 2 [Source:HGNC Symbol;Acc:HGNC:24073]
A2877: SCAF11 | B2877: ENSG00000139218 | C2877: 829.38326 | D2877: 1201.8733 | E2877: -0.53517 | F2877: 1.2026e-13 | G2877: 5.9727e-12 | H2877: SCAF11 | I2877: protein_coding | J2877: SR-related CTD-associated factor 11 [Source:HGNC Symbol;Acc:HGNC:10784]
A2878: 44629 | B2878: ENSG00000139266 | C2878: 148.39062 | D2878: 256.44279 | E2878: -0.78924 | F2878: 1.0598e-07 | G2878: 2.5065e-06 | H2878: 44629 | I2878: protein_coding | J2878: membrane associated ring-CH-type finger 9 [Source:HGNC Symbol;Acc:HGNC:25139]
A2879: PHLDA1 | B2879: ENSG00000139289 | C2879: 1979.6458 | D2879: 4121.6466 | E2879: -1.058 | F2879: 5.3151e-57 | G2879: 3.2998e-54 | H2879: PHLDA1 | I2879: protein_coding | J2879: pleckstrin homology-like domain, family A, member 1 [Source:HGNC Symbol;Acc:HGNC:8933]
A2880: TMEM19 | B2880: ENSG00000139291 | C2880: 213.56036 | D2880: 370.71406 | E2880: -0.79566 | F2880: 1.8671e-10 | G2880: 6.5382e-09 | H2880: TMEM19 | I2880: protein_coding | J2880: transmembrane protein 19 [Source:HGNC Symbol;Acc:HGNC:25605]
A2881: DUSP6 | B2881: ENSG00000139318 | C2881: 181.75481 | D2881: 275.02794 | E2881: -0.59758 | F2881: 1.7437e-05 | G2881: 0.00027522 | H2881: DUSP6 | I2881: protein_coding | J2881: dual specificity phosphatase 6 [Source:HGNC Symbol;Acc:HGNC:3072]
A2882: POC1B | B2882: ENSG00000139323 | C2882: 239.57429 | D2882: 325.69339 | E2882: -0.44304 | F2882: 0.00037038 | G2882: 0.0042516 | H2882: POC1B | I2882: protein_coding | J2882: POC1 centriolar protein B [Source:HGNC Symbol;Acc:HGNC:30836]
A2883: NUP58 | B2883: ENSG00000139496 | C2883: 910.29808 | D2883: 1307.2894 | E2883: -0.52217 | F2883: 6.3785e-14 | G2883: 3.2943e-12 | H2883: NUP58 | I2883: protein_coding | J2883: nucleoporin 58kDa [Source:HGNC Symbol;Acc:HGNC:20261]
A2884: CERS5 | B2884: ENSG00000139624 | C2884: 296.19788 | D2884: 375.16905 | E2884: -0.34098 | F2884: 0.0034752 | G2884: 0.029845 | H2884: CERS5 | I2884: protein_coding | J2884: ceramide synthase 5 [Source:HGNC Symbol;Acc:HGNC:23749]
A2885: MAP3K12 | B2885: ENSG00000139625 | C2885: 238.72842 | D2885: 318.27855 | E2885: -0.41492 | F2885: 0.0011871 | G2885: 0.011883 | H2885: MAP3K12 | I2885: protein_coding | J2885: mitogen-activated protein kinase kinase kinase 12 [Source:HGNC Symbol;Acc:HGNC:6851]
A2886: TMBIM6 | B2886: ENSG00000139644 | C2886: 4716.3935 | D2886: 5246.8679 | E2886: -0.15377 | F2886: 0.00048327 | G2886: 0.0053756 | H2886: TMBIM6 | I2886: protein_coding | J2886: transmembrane BAX inhibitor motif containing 6 [Source:HGNC Symbol;Acc:HGNC:11723]
A2887: ANKRD52 | B2887: ENSG00000139645 | C2887: 1173.4471 | D2887: 1370.765 | E2887: -0.22423 | F2887: 0.00067948 | G2887: 0.0072523 | H2887: ANKRD52 | I2887: protein_coding | J2887: ankyrin repeat domain 52 [Source:HGNC Symbol;Acc:HGNC:26614]
A2888: SBNO1 | B2888: ENSG00000139697 | C2888: 1261.7997 | D2888: 1734.9888 | E2888: -0.45944 | F2888: 1.4756e-13 | G2888: 7.2681e-12 | H2888: SBNO1 | I2888: protein_coding | J2888: strawberry notch homolog 1 (Drosophila) [Source:HGNC Symbol;Acc:HGNC:22973]
A2889: MBNL2 | B2889: ENSG00000139793 | C2889: 266.52888 | D2889: 591.08143 | E2889: -1.1491 | F2889: 2.6937e-27 | G2889: 3.7163e-25 | H2889: MBNL2 | I2889: protein_coding | J2889: muscleblind-like splicing regulator 2 [Source:HGNC Symbol;Acc:HGNC:16746]
A2890: ABHD13 | B2890: ENSG00000139826 | C2890: 92.013121 | D2890: 169.42698 | E2890: -0.88075 | F2890: 2.162e-06 | G2890: 4.0546e-05 | H2890: ABHD13 | I2890: protein_coding | J2890: abhydrolase domain containing 13 [Source:HGNC Symbol;Acc:HGNC:20293]
... A2980: CCNA2 | B2980: ENSG00000145386 | C2980: 1676.5205 | D2980: 1889.0508 | E2980: -0.17219 | F2980: 0.003279 | G2980: 0.02848 | H2980: CCNA2 | I2980: protein_coding | J2980: cyclin A2 [Source:HGNC Symbol;Acc:HGNC:1578]
A2981: 44626 | B2981: ENSG00000145495 | C2981: 1311.2882 | D2981: 1483.3112 | E2981: -0.17784 | F2981: 0.0051252 | G2981: 0.04157 | H2981: 44626 | I2981: protein_coding | J2981: membrane associated ring-CH-type finger 6 [Source:HGNC Symbol;Acc:HGNC:30550]
A2982: OSMR | B2982: ENSG00000145623 | C2982: 1971.0139 | D2982: 2235.5544 | E2982: -0.18169 | F2982: 0.0010419 | G2982: 0.010604 | H2982: OSMR | I2982: protein_coding | J2982: oncostatin M receptor [Source:HGNC Symbol;Acc:HGNC:8507]
A2983: PLK2 | B2983: ENSG00000145632 | C2983: 1467.6471 | D2983: 1803.3501 | E2983: -0.29717 | F2983: 8.0417e-07 | G2983: 1.6258e-05 | H2983: PLK2 | I2983: protein_coding | J2983: polo-like kinase 2 [Source:HGNC Symbol;Acc:HGNC:19699]
A2984: TSLP | B2984: ENSG00000145777 | C2984: 470.85948 | D2984: 1038.6422 | E2984: -1.1413 | F2984: 3.4654e-18 | G2984: 2.5187e-16 | H2984: TSLP | I2984: protein_coding | J2984: thymic stromal lymphopoietin [Source:HGNC Symbol;Acc:HGNC:30743]
A2985: ATG12 | B2985: ENSG00000145782 | C2985: 391.03663 | D2985: 502.25054 | E2985: -0.3611 | F2985: 0.00044638 | G2985: 0.0050027 | H2985: ATG12 | I2985: protein_coding | J2985: autophagy related 12 [Source:HGNC Symbol;Acc:HGNC:588]
A2986: PCYOX1L | B2986: ENSG00000145882 | C2986: 133.13592 | D2986: 188.42698 | E2986: -0.50111 | F2986: 0.0023085 | G2986: 0.02116 | H2986: PCYOX1L | I2986: protein_coding | J2986: prenylcysteine oxidase 1 like [Source:HGNC Symbol;Acc:HGNC:28477]
A2987: G3BP1 | B2987: ENSG00000145907 | C2987: 2116.4368 | D2987: 2663.0252 | E2987: -0.33143 | F2987: 5.2034e-08 | G2987: 1.2858e-06 | H2987: G3BP1 | I2987: protein_coding | J2987: GTPase activating protein (SH3 domain) binding protein 1 [Source:HGNC Symbol;Acc:HGNC:30292]
A2988: CPLX2 | B2988: ENSG00000145920 | C2988: 1.4128098 | D2988: 13.540144 | E2988: -3.2606 | F2988: 0.00075364 | G2988: 0.0079754 | H2988: CPLX2 | I2988: protein_coding | J2988: complexin 2 [Source:HGNC Symbol;Acc:HGNC:2310]
...

Sheet corplot
A1: gene | B1: readcount_ND2 | C1: readcount_LUC | G1: gene | H1: readcount_ND2 | I1: readcount_LUC
A2: DVL1 | B2: =VLOOKUP(A2,DEGs!$A$1:$I$3761,3,FALSE) -> 1243.3749 | C2: =VLOOKUP(A2,DEGs!$A$1:$I$3761,4,FALSE) -> 996.27602 | G2: DVL1 | H2: =VLOOKUP(G2,DEGs!$A$1:$I$3761,3,FALSE) -> 1243.3749 | I2: =VLOOKUP(G2,DEGs!$A$1:$I$3761,4,FALSE) -> 996.27602
A3: DVL2 | B3: =VLOOKUP(A3,DEGs!$A$1:$I$3761,3,FALSE) -> 1373.1948 | C3: =VLOOKUP(A3,DEGs!$A$1:$I$3761,4,FALSE) -> 953.71034 | G3: DVL2 | H3: =VLOOKUP(G3,DEGs!$A$1:$I$3761,3,FALSE) -> 1373.1948 | I3: =VLOOKUP(G3,DEGs!$A$1:$I$3761,4,FALSE) -> 953.71034
A4: DVL3 | B4: =VLOOKUP(A4,DEGs!$A$1:$I$3761,3,FALSE) -> 935.49531 | C4: =VLOOKUP(A4,DEGs!$A$1:$I$3761,4,FALSE) -> 777.63858 | G4: DVL3 | H4: =VLOOKUP(G4,DEGs!$A$1:$I$3761,3,FALSE) -> 935.49531 | I4: =VLOOKUP(G4,DEGs!$A$1:$I$3761,4,FALSE) -> 777.63858
A5: JAG1 | B5: =VLOOKUP(A5,DEGs!$A$1:$I$3761,3,FALSE) -> 1395.4315 | C5: =VLOOKUP(A5,DEGs!$A$1:$I$3761,4,FALSE) -> 1991.2066 | G5: JAG1 | H5: =VLOOKUP(G5,DEGs!$A$1:$I$3761,3,FALSE) -> 1395.4315 | I5: =VLOOKUP(G5,DEGs!$A$1:$I$3761,4,FALSE) -> 1991.2066
A6: KAT2A | B6: =VLOOKUP(A6,DEGs!$A$1:$I$3761,3,FALSE) -> 716.65743 | C6: =VLOOKUP(A6,DEGs!$A$1:$I$3761,4,FALSE) -> 567.7262 | G6: KAT2A | H6: =VLOOKUP(G6,DEGs!$A$1:$I$3761,3,FALSE) -> 716.65743 | I6: =VLOOKUP(G6,DEGs!$A$1:$I$3761,4,FALSE) -> 567.7262
A7: HES1 | B7: =VLOOKUP(A7,DEGs!$A$1:$I$3761,3,FALSE) -> 27.625449 | C7: =VLOOKUP(A7,DEGs!$A$1:$I$3761,4,FALSE) -> 82.650841 | G7: HES1 | H7: =VLOOKUP(G7,DEGs!$A$1:$I$3761,3,FALSE) -> 27.625449 | I7: =VLOOKUP(G7,DEGs!$A$1:$I$3761,4,FALSE) -> 82.650841
A8: RBPJ | B8: =VLOOKUP(A8,DEGs!$A$1:$I$3761,3,FALSE) -> 2878.3624 | C8: =VLOOKUP(A8,DEGs!$A$1:$I$3761,4,FALSE) -> 3456.7076 | G8: RBPJ | H8: =VLOOKUP(G8,DEGs!$A$1:$I$3761,3,FALSE) -> 2878.3624 | I8: =VLOOKUP(G8,DEGs!$A$1:$I$3761,4,FALSE) -> 3456.7076
A9: LFNG | B9: =VLOOKUP(A9,DEGs!$A$1:$I$3761,3,FALSE) -> 50.522086 | C9: =VLOOKUP(A9,DEGs!$A$1:$I$3761,4,FALSE) -> 124.35643 | G9: LFNG | H9: =VLOOKUP(G9,DEGs!$A$1:$I$3761,3,FALSE) -> 50.522086 | I9: =VLOOKUP(G9,DEGs!$A$1:$I$3761,4,FALSE) -> 124.35643
A10: MAML1 | B10: =VLOOKUP(A10,DEGs!$A$1:$I$3761,3,FALSE) -> 915.31857 | C10: =VLOOKUP(A10,DEGs!$A$1:$I$3761,4,FALSE) -> 606.53642 | G10: MAML1 | H10: =VLOOKUP(G10,DEGs!$A$1:$I$3761,3,FALSE) -> 915.31857 | I10: =VLOOKUP(G10,DEGs!$A$1:$I$3761,4,FALSE) -> 606.53642
A11: DTX4 | B11: =VLOOKUP(A11,DEGs!$A$1:$I$3761,3,FALSE) -> 131.57727 | C11: =VLOOKUP(A11,DEGs!$A$1:$I$3761,4,FALSE) -> 201.5024 | G11: DTX4 | H11: =VLOOKUP(G11,DEGs!$A$1:$I$3761,3,FALSE) -> 131.57727 | I11: =VLOOKUP(G11,DEGs!$A$1:$I$3761,4,FALSE) -> 201.5024
A12: NCSTN | B12: =VLOOKUP(A12,DEGs!$A$1:$I$3761,3,FALSE) -> 1111.7976 | C12: =VLOOKUP(A12,DEGs!$A$1:$I$3761,4,FALSE) -> 847.79429 | G12: NCSTN | H12: =VLOOKUP(G12,DEGs!$A$1:$I$3761,3,FALSE) -> 1111.7976 | I12: =VLOOKUP(G12,DEGs!$A$1:$I$3761,4,FALSE) -> 847.79429
A13: DLL1 | B13: =VLOOKUP(A13,DEGs!$A$1:$I$3761,3,FALSE) -> 11.419151 | C13: =VLOOKUP(A13,DEGs!$A$1:$I$3761,4,FALSE) -> 32.6253 | G13: DLL1 | H13: =VLOOKUP(G13,DEGs!$A$1:$I$3761,3,FALSE) -> 11.419151 | I13: =VLOOKUP(G13,DEGs!$A$1:$I$3761,4,FALSE) -> 32.6253
... A59: EIF2B1 | B59: =VLOOKUP(A59,DEGs!$A$1:$I$3761,3,FALSE) -> 1135.8682 | C59: =VLOOKUP(A59,DEGs!$A$1:$I$3761,4,FALSE) -> 853.6848 | G59: RASSF2 | H59: =VLOOKUP(G59,DEGs!$A$1:$I$3761,3,FALSE) -> 21.886705 | I59: =VLOOKUP(G59,DEGs!$A$1:$I$3761,4,FALSE) -> 56.430649
A60: EIF4EBP2 | B60: =VLOOKUP(A60,DEGs!$A$1:$I$3761,3,FALSE) -> 975.87069 | C60: =VLOOKUP(A60,DEGs!$A$1:$I$3761,4,FALSE) -> 1200.8283
A61: EREG | B61: =VLOOKUP(A61,DEGs!$A$1:$I$3761,3,FALSE) -> 463.64959 | C61: =VLOOKUP(A61,DEGs!$A$1:$I$3761,4,FALSE) -> 1445.8015
A62: FBN1 | B62: =VLOOKUP(A62,DEGs!$A$1:$I$3761,3,FALSE) -> 2548.5287 | C62: =VLOOKUP(A62,DEGs!$A$1:$I$3761,4,FALSE) -> 1937.9012
A63: FER | B63: =VLOOKUP(A63,DEGs!$A$1:$I$3761,3,FALSE) -> 338.99601 | C63: =VLOOKUP(A63,DEGs!$A$1:$I$3761,4,FALSE) -> 462.30529
A64: FOXO3 | B64: =VLOOKUP(A64,DEGs!$A$1:$I$3761,3,FALSE) -> 335.94252 | C64: =VLOOKUP(A64,DEGs!$A$1:$I$3761,4,FALSE) -> 643.70186
A65: FYN | B65: =VLOOKUP(A65,DEGs!$A$1:$I$3761,3,FALSE) -> 8.073981 | C65: =VLOOKUP(A65,DEGs!$A$1:$I$3761,4,FALSE) -> 30.535276
A66: GJA1 | B66: =VLOOKUP(A66,DEGs!$A$1:$I$3761,3,FALSE) -> 1979.0861 | C66: =VLOOKUP(A66,DEGs!$A$1:$I$3761,4,FALSE) -> 1521.6665
A67: GNAI1 | B67: =VLOOKUP(A67,DEGs!$A$1:$I$3761,3,FALSE) -> 779.52109 | C67: =VLOOKUP(A67,DEGs!$A$1:$I$3761,4,FALSE) -> 1671.2139
A68: GNAI2 | B68: =VLOOKUP(A68,DEGs!$A$1:$I$3761,3,FALSE) -> 5022.4811 | C68: =VLOOKUP(A68,DEGs!$A$1:$I$3761,4,FALSE) -> 4353.7379
A69: HSF1 | B69: =VLOOKUP(A69,DEGs!$A$1:$I$3761,3,FALSE) -> 1042.8798 | C69: =VLOOKUP(A69,DEGs!$A$1:$I$3761,4,FALSE) -> 822.89405
A70: ICAM1 | B70: =VLOOKUP(A70,DEGs!$A$1:$I$3761,3,FALSE) -> 14.705984 | C70: =VLOOKUP(A70,DEGs!$A$1:$I$3761,4,FALSE) -> 33.985397
A71: IGF1R | B71: =VLOOKUP(A71,DEGs!$A$1:$I$3761,3,FALSE) -> 1203.2274 | C71: =VLOOKUP(A71,DEGs!$A$1:$I$3761,4,FALSE) -> 902.26022
... A252: DVL3 | B252: =VLOOKUP(A252,DEGs!$A$1:$I$3761,3,FALSE) -> 935.49531 | C252: =VLOOKUP(A252,DEGs!$A$1:$I$3761,4,FALSE) -> 777.63858
